{"v":"5.7.3","fr":29.9700012207031,"ip":0,"op":295.000012015596,"w":1753,"h":1427,"nm":"Comp 1","ddd":0,"assets":[],"layers":[{"ddd":0,"ind":1,"ty":4,"nm":"Layer 2/termometer Outlines","sr":1,"ks":{"o":{"a":0,"k":100,"ix":11},"r":{"a":0,"k":0,"ix":10},"p":{"a":0,"k":[1212.5,613.5,0],"ix":2},"a":{"a":0,"k":[24,80,0],"ix":1},"s":{"a":0,"k":[381,381,100],"ix":6}},"ao":0,"shapes":[{"ty":"gr","it":[{"ind":0,"ty":"sh","ix":1,"ks":{"a":0,"k":{"i":[[0,0],[0,0]],"o":[[0,0],[0,0]],"v":[[2.5,141.287],[29.346,141.287]],"c":false},"ix":2},"nm":"Path 1","mn":"ADBE Vector Shape - Group","hd":false},{"ty":"st","c":{"a":0,"k":[0,0,0,1],"ix":3},"o":{"a":0,"k":100,"ix":4},"w":{"a":0,"k":5,"ix":5},"lc":1,"lj":1,"ml":10,"bm":0,"nm":"Stroke 1","mn":"ADBE Vector Graphic - Stroke","hd":false},{"ty":"tr","p":{"a":0,"k":[0,0],"ix":2},"a":{"a":0,"k":[0,0],"ix":1},"s":{"a":0,"k":[100,100],"ix":3},"r":{"a":0,"k":0,"ix":6},"o":{"a":0,"k":100,"ix":7},"sk":{"a":0,"k":0,"ix":4},"sa":{"a":0,"k":0,"ix":5},"nm":"Transform"}],"nm":"Group 1","np":2,"cix":2,"bm":0,"ix":1,"mn":"ADBE Vector Group","hd":false},{"ty":"gr","it":[{"ind":0,"ty":"sh","ix":1,"ks":{"a":0,"k":{"i":[[0,0],[0,0]],"o":[[0,0],[0,0]],"v":[[2.5,141.287],[29.346,141.287]],"c":true},"ix":2},"nm":"Path 1","mn":"ADBE Vector Shape - Group","hd":false},{"ty":"fl","c":{"a":0,"k":[1,1,1,1],"ix":4},"o":{"a":0,"k":100,"ix":5},"r":1,"bm":0,"nm":"Fill 1","mn":"ADBE Vector Graphic - Fill","hd":false},{"ty":"tr","p":{"a":0,"k":[0,0],"ix":2},"a":{"a":0,"k":[0,0],"ix":1},"s":{"a":0,"k":[100,100],"ix":3},"r":{"a":0,"k":0,"ix":6},"o":{"a":0,"k":100,"ix":7},"sk":{"a":0,"k":0,"ix":4},"sa":{"a":0,"k":0,"ix":5},"nm":"Transform"}],"nm":"Group 2","np":2,"cix":2,"bm":0,"ix":2,"mn":"ADBE Vector Group","hd":false},{"ty":"gr","it":[{"ind":0,"ty":"sh","ix":1,"ks":{"a":0,"k":{"i":[[0,0],[0,0]],"o":[[0,0],[0,0]],"v":[[2.5,125.425],[29.346,125.425]],"c":false},"ix":2},"nm":"Path 1","mn":"ADBE Vector Shape - Group","hd":false},{"ty":"st","c":{"a":0,"k":[0,0,0,1],"ix":3},"o":{"a":0,"k":100,"ix":4},"w":{"a":0,"k":5,"ix":5},"lc":1,"lj":1,"ml":10,"bm":0,"nm":"Stroke 1","mn":"ADBE Vector Graphic - Stroke","hd":false},{"ty":"tr","p":{"a":0,"k":[0,0],"ix":2},"a":{"a":0,"k":[0,0],"ix":1},"s":{"a":0,"k":[100,100],"ix":3},"r":{"a":0,"k":0,"ix":6},"o":{"a":0,"k":100,"ix":7},"sk":{"a":0,"k":0,"ix":4},"sa":{"a":0,"k":0,"ix":5},"nm":"Transform"}],"nm":"Group 3","np":2,"cix":2,"bm":0,"ix":3,"mn":"ADBE Vector Group","hd":false},{"ty":"gr","it":[{"ind":0,"ty":"sh","ix":1,"ks":{"a":0,"k":{"i":[[0,0],[0,0]],"o":[[0,0],[0,0]],"v":[[2.5,125.425],[29.346,125.425]],"c":true},"ix":2},"nm":"Path 1","mn":"ADBE Vector Shape - Group","hd":false},{"ty":"fl","c":{"a":0,"k":[1,1,1,1],"ix":4},"o":{"a":0,"k":100,"ix":5},"r":1,"bm":0,"nm":"Fill 1","mn":"ADBE Vector Graphic - Fill","hd":false},{"ty":"tr","p":{"a":0,"k":[0,0],"ix":2},"a":{"a":0,"k":[0,0],"ix":1},"s":{"a":0,"k":[100,100],"ix":3},"r":{"a":0,"k":0,"ix":6},"o":{"a":0,"k":100,"ix":7},"sk":{"a":0,"k":0,"ix":4},"sa":{"a":0,"k":0,"ix":5},"nm":"Transform"}],"nm":"Group 4","np":2,"cix":2,"bm":0,"ix":4,"mn":"ADBE Vector Group","hd":false},{"ty":"gr","it":[{"ind":0,"ty":"sh","ix":1,"ks":{"a":0,"k":{"i":[[0,0],[0,0]],"o":[[0,0],[0,0]],"v":[[2.5,110.241],[29.346,110.241]],"c":false},"ix":2},"nm":"Path 1","mn":"ADBE Vector Shape - Group","hd":false},{"ty":"st","c":{"a":0,"k":[0,0,0,1],"ix":3},"o":{"a":0,"k":100,"ix":4},"w":{"a":0,"k":5,"ix":5},"lc":1,"lj":1,"ml":10,"bm":0,"nm":"Stroke 1","mn":"ADBE Vector Graphic - Stroke","hd":false},{"ty":"tr","p":{"a":0,"k":[0,0],"ix":2},"a":{"a":0,"k":[0,0],"ix":1},"s":{"a":0,"k":[100,100],"ix":3},"r":{"a":0,"k":0,"ix":6},"o":{"a":0,"k":100,"ix":7},"sk":{"a":0,"k":0,"ix":4},"sa":{"a":0,"k":0,"ix":5},"nm":"Transform"}],"nm":"Group 5","np":2,"cix":2,"bm":0,"ix":5,"mn":"ADBE Vector Group","hd":false},{"ty":"gr","it":[{"ind":0,"ty":"sh","ix":1,"ks":{"a":0,"k":{"i":[[0,0],[0,0]],"o":[[0,0],[0,0]],"v":[[2.5,110.241],[29.346,110.241]],"c":true},"ix":2},"nm":"Path 1","mn":"ADBE Vector Shape - Group","hd":false},{"ty":"fl","c":{"a":0,"k":[1,1,1,1],"ix":4},"o":{"a":0,"k":100,"ix":5},"r":1,"bm":0,"nm":"Fill 1","mn":"ADBE Vector Graphic - Fill","hd":false},{"ty":"tr","p":{"a":0,"k":[0,0],"ix":2},"a":{"a":0,"k":[0,0],"ix":1},"s":{"a":0,"k":[100,100],"ix":3},"r":{"a":0,"k":0,"ix":6},"o":{"a":0,"k":100,"ix":7},"sk":{"a":0,"k":0,"ix":4},"sa":{"a":0,"k":0,"ix":5},"nm":"Transform"}],"nm":"Group 6","np":2,"cix":2,"bm":0,"ix":6,"mn":"ADBE Vector Group","hd":false},{"ty":"gr","it":[{"ind":0,"ty":"sh","ix":1,"ks":{"a":0,"k":{"i":[[0,0],[0,0]],"o":[[0,0],[0,0]],"v":[[2.5,95.379],[29.346,95.379]],"c":false},"ix":2},"nm":"Path 1","mn":"ADBE Vector Shape - Group","hd":false},{"ty":"st","c":{"a":0,"k":[0,0,0,1],"ix":3},"o":{"a":0,"k":100,"ix":4},"w":{"a":0,"k":5,"ix":5},"lc":1,"lj":1,"ml":10,"bm":0,"nm":"Stroke 1","mn":"ADBE Vector Graphic - Stroke","hd":false},{"ty":"tr","p":{"a":0,"k":[0,0],"ix":2},"a":{"a":0,"k":[0,0],"ix":1},"s":{"a":0,"k":[100,100],"ix":3},"r":{"a":0,"k":0,"ix":6},"o":{"a":0,"k":100,"ix":7},"sk":{"a":0,"k":0,"ix":4},"sa":{"a":0,"k":0,"ix":5},"nm":"Transform"}],"nm":"Group 7","np":2,"cix":2,"bm":0,"ix":7,"mn":"ADBE Vector Group","hd":false},{"ty":"gr","it":[{"ind":0,"ty":"sh","ix":1,"ks":{"a":0,"k":{"i":[[0,0],[0,0]],"o":[[0,0],[0,0]],"v":[[2.5,95.379],[29.346,95.379]],"c":true},"ix":2},"nm":"Path 1","mn":"ADBE Vector Shape - Group","hd":false},{"ty":"fl","c":{"a":0,"k":[1,1,1,1],"ix":4},"o":{"a":0,"k":100,"ix":5},"r":1,"bm":0,"nm":"Fill 1","mn":"ADBE Vector Graphic - Fill","hd":false},{"ty":"tr","p":{"a":0,"k":[0,0],"ix":2},"a":{"a":0,"k":[0,0],"ix":1},"s":{"a":0,"k":[100,100],"ix":3},"r":{"a":0,"k":0,"ix":6},"o":{"a":0,"k":100,"ix":7},"sk":{"a":0,"k":0,"ix":4},"sa":{"a":0,"k":0,"ix":5},"nm":"Transform"}],"nm":"Group 8","np":2,"cix":2,"bm":0,"ix":8,"mn":"ADBE Vector Group","hd":false},{"ty":"gr","it":[{"ind":0,"ty":"sh","ix":1,"ks":{"a":0,"k":{"i":[[0,0],[0,0]],"o":[[0,0],[0,0]],"v":[[2.5,63.539],[29.346,63.539]],"c":false},"ix":2},"nm":"Path 1","mn":"ADBE Vector Shape - Group","hd":false},{"ty":"st","c":{"a":0,"k":[0,0,0,1],"ix":3},"o":{"a":0,"k":100,"ix":4},"w":{"a":0,"k":5,"ix":5},"lc":1,"lj":1,"ml":10,"bm":0,"nm":"Stroke 1","mn":"ADBE Vector Graphic - Stroke","hd":false},{"ty":"tr","p":{"a":0,"k":[0,0],"ix":2},"a":{"a":0,"k":[0,0],"ix":1},"s":{"a":0,"k":[100,100],"ix":3},"r":{"a":0,"k":0,"ix":6},"o":{"a":0,"k":100,"ix":7},"sk":{"a":0,"k":0,"ix":4},"sa":{"a":0,"k":0,"ix":5},"nm":"Transform"}],"nm":"Group 9","np":2,"cix":2,"bm":0,"ix":9,"mn":"ADBE Vector Group","hd":false},{"ty":"gr","it":[{"ind":0,"ty":"sh","ix":1,"ks":{"a":0,"k":{"i":[[0,0],[0,0]],"o":[[0,0],[0,0]],"v":[[2.5,63.539],[29.346,63.539]],"c":true},"ix":2},"nm":"Path 1","mn":"ADBE Vector Shape - Group","hd":false},{"ty":"fl","c":{"a":0,"k":[1,1,1,1],"ix":4},"o":{"a":0,"k":100,"ix":5},"r":1,"bm":0,"nm":"Fill 1","mn":"ADBE Vector Graphic - Fill","hd":false},{"ty":"tr","p":{"a":0,"k":[0,0],"ix":2},"a":{"a":0,"k":[0,0],"ix":1},"s":{"a":0,"k":[100,100],"ix":3},"r":{"a":0,"k":0,"ix":6},"o":{"a":0,"k":100,"ix":7},"sk":{"a":0,"k":0,"ix":4},"sa":{"a":0,"k":0,"ix":5},"nm":"Transform"}],"nm":"Group 10","np":2,"cix":2,"bm":0,"ix":10,"mn":"ADBE Vector Group","hd":false},{"ty":"gr","it":[{"ind":0,"ty":"sh","ix":1,"ks":{"a":0,"k":{"i":[[0,0],[0,0]],"o":[[0,0],[0,0]],"v":[[2.5,48.676],[29.346,48.676]],"c":false},"ix":2},"nm":"Path 1","mn":"ADBE Vector Shape - Group","hd":false},{"ty":"st","c":{"a":0,"k":[0,0,0,1],"ix":3},"o":{"a":0,"k":100,"ix":4},"w":{"a":0,"k":5,"ix":5},"lc":1,"lj":1,"ml":10,"bm":0,"nm":"Stroke 1","mn":"ADBE Vector Graphic - Stroke","hd":false},{"ty":"tr","p":{"a":0,"k":[0,0],"ix":2},"a":{"a":0,"k":[0,0],"ix":1},"s":{"a":0,"k":[100,100],"ix":3},"r":{"a":0,"k":0,"ix":6},"o":{"a":0,"k":100,"ix":7},"sk":{"a":0,"k":0,"ix":4},"sa":{"a":0,"k":0,"ix":5},"nm":"Transform"}],"nm":"Group 11","np":2,"cix":2,"bm":0,"ix":11,"mn":"ADBE Vector Group","hd":false},{"ty":"gr","it":[{"ind":0,"ty":"sh","ix":1,"ks":{"a":0,"k":{"i":[[0,0],[0,0]],"o":[[0,0],[0,0]],"v":[[2.5,48.676],[29.346,48.676]],"c":true},"ix":2},"nm":"Path 1","mn":"ADBE Vector Shape - Group","hd":false},{"ty":"fl","c":{"a":0,"k":[1,1,1,1],"ix":4},"o":{"a":0,"k":100,"ix":5},"r":1,"bm":0,"nm":"Fill 1","mn":"ADBE Vector Graphic - Fill","hd":false},{"ty":"tr","p":{"a":0,"k":[0,0],"ix":2},"a":{"a":0,"k":[0,0],"ix":1},"s":{"a":0,"k":[100,100],"ix":3},"r":{"a":0,"k":0,"ix":6},"o":{"a":0,"k":100,"ix":7},"sk":{"a":0,"k":0,"ix":4},"sa":{"a":0,"k":0,"ix":5},"nm":"Transform"}],"nm":"Group 12","np":2,"cix":2,"bm":0,"ix":12,"mn":"ADBE Vector Group","hd":false},{"ty":"gr","it":[{"ind":0,"ty":"sh","ix":1,"ks":{"a":0,"k":{"i":[[0,0],[0,0]],"o":[[0,0],[0,0]],"v":[[2.5,32.493],[29.346,32.493]],"c":false},"ix":2},"nm":"Path 1","mn":"ADBE Vector Shape - Group","hd":false},{"ty":"st","c":{"a":0,"k":[0,0,0,1],"ix":3},"o":{"a":0,"k":100,"ix":4},"w":{"a":0,"k":5,"ix":5},"lc":1,"lj":1,"ml":10,"bm":0,"nm":"Stroke 1","mn":"ADBE Vector Graphic - Stroke","hd":false},{"ty":"tr","p":{"a":0,"k":[0,0],"ix":2},"a":{"a":0,"k":[0,0],"ix":1},"s":{"a":0,"k":[100,100],"ix":3},"r":{"a":0,"k":0,"ix":6},"o":{"a":0,"k":100,"ix":7},"sk":{"a":0,"k":0,"ix":4},"sa":{"a":0,"k":0,"ix":5},"nm":"Transform"}],"nm":"Group 13","np":2,"cix":2,"bm":0,"ix":13,"mn":"ADBE Vector Group","hd":false},{"ty":"gr","it":[{"ind":0,"ty":"sh","ix":1,"ks":{"a":0,"k":{"i":[[0,0],[0,0]],"o":[[0,0],[0,0]],"v":[[2.5,32.493],[29.346,32.493]],"c":true},"ix":2},"nm":"Path 1","mn":"ADBE Vector Shape - Group","hd":false},{"ty":"fl","c":{"a":0,"k":[1,1,1,1],"ix":4},"o":{"a":0,"k":100,"ix":5},"r":1,"bm":0,"nm":"Fill 1","mn":"ADBE Vector Graphic - Fill","hd":false},{"ty":"tr","p":{"a":0,"k":[0,0],"ix":2},"a":{"a":0,"k":[0,0],"ix":1},"s":{"a":0,"k":[100,100],"ix":3},"r":{"a":0,"k":0,"ix":6},"o":{"a":0,"k":100,"ix":7},"sk":{"a":0,"k":0,"ix":4},"sa":{"a":0,"k":0,"ix":5},"nm":"Transform"}],"nm":"Group 14","np":2,"cix":2,"bm":0,"ix":14,"mn":"ADBE Vector Group","hd":false},{"ty":"gr","it":[{"ind":0,"ty":"sh","ix":1,"ks":{"a":0,"k":{"i":[[0,0],[0,0]],"o":[[0,0],[0,0]],"v":[[2.5,17.63],[29.346,17.63]],"c":false},"ix":2},"nm":"Path 1","mn":"ADBE Vector Shape - Group","hd":false},{"ty":"st","c":{"a":0,"k":[0,0,0,1],"ix":3},"o":{"a":0,"k":100,"ix":4},"w":{"a":0,"k":5,"ix":5},"lc":1,"lj":1,"ml":10,"bm":0,"nm":"Stroke 1","mn":"ADBE Vector Graphic - Stroke","hd":false},{"ty":"tr","p":{"a":0,"k":[0,0],"ix":2},"a":{"a":0,"k":[0,0],"ix":1},"s":{"a":0,"k":[100,100],"ix":3},"r":{"a":0,"k":0,"ix":6},"o":{"a":0,"k":100,"ix":7},"sk":{"a":0,"k":0,"ix":4},"sa":{"a":0,"k":0,"ix":5},"nm":"Transform"}],"nm":"Group 15","np":2,"cix":2,"bm":0,"ix":15,"mn":"ADBE Vector Group","hd":false},{"ty":"gr","it":[{"ind":0,"ty":"sh","ix":1,"ks":{"a":0,"k":{"i":[[0,0],[0,0]],"o":[[0,0],[0,0]],"v":[[2.5,17.63],[29.346,17.63]],"c":true},"ix":2},"nm":"Path 1","mn":"ADBE Vector Shape - Group","hd":false},{"ty":"fl","c":{"a":0,"k":[1,1,1,1],"ix":4},"o":{"a":0,"k":100,"ix":5},"r":1,"bm":0,"nm":"Fill 1","mn":"ADBE Vector Graphic - Fill","hd":false},{"ty":"tr","p":{"a":0,"k":[0,0],"ix":2},"a":{"a":0,"k":[0,0],"ix":1},"s":{"a":0,"k":[100,100],"ix":3},"r":{"a":0,"k":0,"ix":6},"o":{"a":0,"k":100,"ix":7},"sk":{"a":0,"k":0,"ix":4},"sa":{"a":0,"k":0,"ix":5},"nm":"Transform"}],"nm":"Group 16","np":2,"cix":2,"bm":0,"ix":16,"mn":"ADBE Vector Group","hd":false},{"ty":"gr","it":[{"ind":0,"ty":"sh","ix":1,"ks":{"a":0,"k":{"i":[[0,0],[0,0]],"o":[[0,0],[0,0]],"v":[[2.5,156.944],[45.5,156.944]],"c":false},"ix":2},"nm":"Path 1","mn":"ADBE Vector Shape - Group","hd":false},{"ty":"st","c":{"a":0,"k":[0,0,0,1],"ix":3},"o":{"a":0,"k":100,"ix":4},"w":{"a":0,"k":5,"ix":5},"lc":1,"lj":1,"ml":10,"bm":0,"nm":"Stroke 1","mn":"ADBE Vector Graphic - Stroke","hd":false},{"ty":"tr","p":{"a":0,"k":[0,0],"ix":2},"a":{"a":0,"k":[0,0],"ix":1},"s":{"a":0,"k":[100,100],"ix":3},"r":{"a":0,"k":0,"ix":6},"o":{"a":0,"k":100,"ix":7},"sk":{"a":0,"k":0,"ix":4},"sa":{"a":0,"k":0,"ix":5},"nm":"Transform"}],"nm":"Group 17","np":2,"cix":2,"bm":0,"ix":17,"mn":"ADBE Vector Group","hd":false},{"ty":"gr","it":[{"ind":0,"ty":"sh","ix":1,"ks":{"a":0,"k":{"i":[[0,0],[0,0]],"o":[[0,0],[0,0]],"v":[[2.5,156.945],[45.5,156.945]],"c":true},"ix":2},"nm":"Path 1","mn":"ADBE Vector Shape - Group","hd":false},{"ty":"fl","c":{"a":0,"k":[1,1,1,1],"ix":4},"o":{"a":0,"k":100,"ix":5},"r":1,"bm":0,"nm":"Fill 1","mn":"ADBE Vector Graphic - Fill","hd":false},{"ty":"tr","p":{"a":0,"k":[0,0],"ix":2},"a":{"a":0,"k":[0,0],"ix":1},"s":{"a":0,"k":[100,100],"ix":3},"r":{"a":0,"k":0,"ix":6},"o":{"a":0,"k":100,"ix":7},"sk":{"a":0,"k":0,"ix":4},"sa":{"a":0,"k":0,"ix":5},"nm":"Transform"}],"nm":"Group 18","np":2,"cix":2,"bm":0,"ix":18,"mn":"ADBE Vector Group","hd":false},{"ty":"gr","it":[{"ind":0,"ty":"sh","ix":1,"ks":{"a":0,"k":{"i":[[0,0],[0,0]],"o":[[0,0],[0,0]],"v":[[2.5,79.722],[45.5,79.722]],"c":false},"ix":2},"nm":"Path 1","mn":"ADBE Vector Shape - Group","hd":false},{"ty":"st","c":{"a":0,"k":[0,0,0,1],"ix":3},"o":{"a":0,"k":100,"ix":4},"w":{"a":0,"k":5,"ix":5},"lc":1,"lj":1,"ml":10,"bm":0,"nm":"Stroke 1","mn":"ADBE Vector Graphic - Stroke","hd":false},{"ty":"tr","p":{"a":0,"k":[0,0],"ix":2},"a":{"a":0,"k":[0,0],"ix":1},"s":{"a":0,"k":[100,100],"ix":3},"r":{"a":0,"k":0,"ix":6},"o":{"a":0,"k":100,"ix":7},"sk":{"a":0,"k":0,"ix":4},"sa":{"a":0,"k":0,"ix":5},"nm":"Transform"}],"nm":"Group 19","np":2,"cix":2,"bm":0,"ix":19,"mn":"ADBE Vector Group","hd":false},{"ty":"gr","it":[{"ind":0,"ty":"sh","ix":1,"ks":{"a":0,"k":{"i":[[0,0],[0,0]],"o":[[0,0],[0,0]],"v":[[2.5,79.722],[45.5,79.722]],"c":true},"ix":2},"nm":"Path 1","mn":"ADBE Vector Shape - Group","hd":false},{"ty":"fl","c":{"a":0,"k":[1,1,1,1],"ix":4},"o":{"a":0,"k":100,"ix":5},"r":1,"bm":0,"nm":"Fill 1","mn":"ADBE Vector Graphic - Fill","hd":false},{"ty":"tr","p":{"a":0,"k":[0,0],"ix":2},"a":{"a":0,"k":[0,0],"ix":1},"s":{"a":0,"k":[100,100],"ix":3},"r":{"a":0,"k":0,"ix":6},"o":{"a":0,"k":100,"ix":7},"sk":{"a":0,"k":0,"ix":4},"sa":{"a":0,"k":0,"ix":5},"nm":"Transform"}],"nm":"Group 20","np":2,"cix":2,"bm":0,"ix":20,"mn":"ADBE Vector Group","hd":false},{"ty":"gr","it":[{"ind":0,"ty":"sh","ix":1,"ks":{"a":0,"k":{"i":[[0,0],[0,0]],"o":[[0,0],[0,0]],"v":[[2.5,2.5],[45.5,2.5]],"c":false},"ix":2},"nm":"Path 1","mn":"ADBE Vector Shape - Group","hd":false},{"ty":"st","c":{"a":0,"k":[0,0,0,1],"ix":3},"o":{"a":0,"k":100,"ix":4},"w":{"a":0,"k":5,"ix":5},"lc":1,"lj":1,"ml":10,"bm":0,"nm":"Stroke 1","mn":"ADBE Vector Graphic - Stroke","hd":false},{"ty":"tr","p":{"a":0,"k":[0,0],"ix":2},"a":{"a":0,"k":[0,0],"ix":1},"s":{"a":0,"k":[100,100],"ix":3},"r":{"a":0,"k":0,"ix":6},"o":{"a":0,"k":100,"ix":7},"sk":{"a":0,"k":0,"ix":4},"sa":{"a":0,"k":0,"ix":5},"nm":"Transform"}],"nm":"Group 21","np":2,"cix":2,"bm":0,"ix":21,"mn":"ADBE Vector Group","hd":false},{"ty":"gr","it":[{"ind":0,"ty":"sh","ix":1,"ks":{"a":0,"k":{"i":[[0,0],[0,0]],"o":[[0,0],[0,0]],"v":[[2.5,2.5],[45.5,2.5]],"c":true},"ix":2},"nm":"Path 1","mn":"ADBE Vector Shape - Group","hd":false},{"ty":"fl","c":{"a":0,"k":[1,1,1,1],"ix":4},"o":{"a":0,"k":100,"ix":5},"r":1,"bm":0,"nm":"Fill 1","mn":"ADBE Vector Graphic - Fill","hd":false},{"ty":"tr","p":{"a":0,"k":[0,0],"ix":2},"a":{"a":0,"k":[0,0],"ix":1},"s":{"a":0,"k":[100,100],"ix":3},"r":{"a":0,"k":0,"ix":6},"o":{"a":0,"k":100,"ix":7},"sk":{"a":0,"k":0,"ix":4},"sa":{"a":0,"k":0,"ix":5},"nm":"Transform"}],"nm":"Group 22","np":2,"cix":2,"bm":0,"ix":22,"mn":"ADBE Vector Group","hd":false}],"ip":0,"op":295.000012015596,"st":0,"bm":0},{"ddd":0,"ind":2,"ty":4,"nm":"Layer 3/termometer Outlines","sr":1,"ks":{"o":{"a":0,"k":100,"ix":11},"r":{"a":0,"k":0,"ix":10},"p":{"a":0,"k":[992.5,725.5,0],"ix":2},"a":{"a":0,"k":[46,138.5,0],"ix":1},"s":{"a":0,"k":[381,381,100],"ix":6}},"ao":0,"shapes":[{"ty":"gr","it":[{"ind":0,"ty":"sh","ix":1,"ks":{"a":1,"k":[{"i":{"x":0.833,"y":0.833},"o":{"x":0.167,"y":0.167},"t":37.075,"s":[{"i":[[13.022,5.628],[0,0],[0,0],[0,0],[0,-15.089],[-20.252,0],[0,20.252]],"o":[[0,0],[0,0],[0,0],[-13.022,5.628],[0,20.252],[20.252,0],[0,-15.089]],"v":[[14.532,-9.511],[14.27,-9.65],[-14.532,-9.65],[-14.532,-9.511],[-36.67,24.162],[0,60.831],[36.67,24.162]],"c":true}]},{"i":{"x":0.833,"y":0.833},"o":{"x":0.167,"y":0.167},"t":98.728,"s":[{"i":[[13.022,5.628],[0,0],[0,0],[0,0],[0,-15.089],[-20.252,0],[0,20.252]],"o":[[0,0],[0,0],[0,0],[-13.022,5.628],[0,20.252],[20.252,0],[0,-15.089]],"v":[[14.532,-9.511],[14.532,-60.831],[-14.532,-60.831],[-14.532,-9.511],[-36.67,24.162],[0,60.831],[36.67,24.162]],"c":true}]},{"i":{"x":0.833,"y":0.833},"o":{"x":0.167,"y":0.167},"t":162.524,"s":[{"i":[[13.022,5.628],[0,0],[0,0],[0,0],[0,-15.089],[-20.252,0],[0,20.252]],"o":[[0,0],[0,0],[0,0],[-13.022,5.628],[0,20.252],[20.252,0],[0,-15.089]],"v":[[14.532,-9.511],[14.27,-177.367],[-15.319,-177.104],[-14.532,-9.511],[-36.67,24.162],[0,60.831],[36.67,24.162]],"c":true}]},{"i":{"x":0.833,"y":0.833},"o":{"x":0.167,"y":0.167},"t":170.565,"s":[{"i":[[13.022,5.628],[0,0],[0,0],[0,0],[0,-15.089],[-20.252,0],[0,20.252]],"o":[[0,0],[0,0],[0,0],[-13.022,5.628],[0,20.252],[20.252,0],[0,-15.089]],"v":[[14.532,-9.511],[14.27,-177.367],[-15.319,-177.104],[-14.532,-9.511],[-36.67,24.162],[0,60.831],[36.67,24.162]],"c":true}]},{"i":{"x":0.833,"y":0.833},"o":{"x":0.167,"y":0.167},"t":229,"s":[{"i":[[13.022,5.628],[0,0],[0,0],[0,0],[0,-15.089],[-20.252,0],[0,20.252]],"o":[[0,0],[0,0],[0,0],[-13.022,5.628],[0,20.252],[20.252,0],[0,-15.089]],"v":[[14.532,-9.511],[14.532,-60.831],[-14.532,-60.831],[-14.532,-9.511],[-36.67,24.162],[0,60.831],[36.67,24.162]],"c":true}]},{"t":282.07501148915,"s":[{"i":[[13.022,5.628],[0,0],[0,0],[0,0],[0,-15.089],[-20.252,0],[0,20.252]],"o":[[0,0],[0,0],[0,0],[-13.022,5.628],[0,20.252],[20.252,0],[0,-15.089]],"v":[[14.532,-9.511],[14.27,-9.65],[-14.532,-9.65],[-14.532,-9.511],[-36.67,24.162],[0,60.831],[36.67,24.162]],"c":true}]}],"ix":2},"nm":"Path 1","mn":"ADBE Vector Shape - Group","hd":false},{"ty":"fl","c":{"a":1,"k":[{"i":{"x":[0.833],"y":[0.833]},"o":{"x":[0.167],"y":[0.167]},"t":14,"s":[0.313999998803,0.764999988032,0.944999964097,1]},{"i":{"x":[0.833],"y":[0.833]},"o":{"x":[0.167],"y":[0.167]},"t":100,"s":[0.313999998803,0.764999988032,0.944999964097,1]},{"i":{"x":[0.833],"y":[0.833]},"o":{"x":[0.167],"y":[0.167]},"t":109,"s":[1,0,0,1]},{"i":{"x":[0.833],"y":[0.833]},"o":{"x":[0.167],"y":[0.167]},"t":220,"s":[1,0,0,1]},{"t":229.000009327361,"s":[0.313999998803,0.764999988032,0.944999964097,1]}],"ix":4},"o":{"a":0,"k":100,"ix":5},"r":1,"bm":0,"nm":"Fill 1","mn":"ADBE Vector Graphic - Fill","hd":false},{"ty":"tr","p":{"a":0,"k":[45.995,205.803],"ix":2},"a":{"a":0,"k":[0,0],"ix":1},"s":{"a":0,"k":[100,100],"ix":3},"r":{"a":0,"k":0,"ix":6},"o":{"a":0,"k":100,"ix":7},"sk":{"a":0,"k":0,"ix":4},"sa":{"a":0,"k":0,"ix":5},"nm":"Transform"}],"nm":"Group 1","np":2,"cix":2,"bm":0,"ix":1,"mn":"ADBE Vector Group","hd":false},{"ty":"gr","it":[{"ind":0,"ty":"sh","ix":1,"ks":{"a":0,"k":{"i":[[13.156,7.479],[0,0],[12.404,0],[0,-12.404],[0,0],[0,-15.379],[-24.021,0],[0,24.023]],"o":[[0,0],[0,-12.404],[-12.403,0],[0,0],[-12.048,7.734],[0,24.023],[24.022,0],[0,-16.215]],"v":[[23.033,54.292],[21.983,-113.682],[-1.001,-135.616],[-23.459,-113.157],[-23.459,54.452],[-44.02,92.12],[-0.001,135.616],[43.495,92.12]],"c":true},"ix":2},"nm":"Path 1","mn":"ADBE Vector Shape - Group","hd":false},{"ty":"st","c":{"a":0,"k":[0,0,0,1],"ix":3},"o":{"a":0,"k":100,"ix":4},"w":{"a":0,"k":4,"ix":5},"lc":1,"lj":1,"ml":10,"bm":0,"nm":"Stroke 1","mn":"ADBE Vector Graphic - Stroke","hd":false},{"ty":"fl","c":{"a":0,"k":[1,1,1,1],"ix":4},"o":{"a":0,"k":100,"ix":5},"r":1,"bm":0,"nm":"Fill 1","mn":"ADBE Vector Graphic - Fill","hd":false},{"ty":"tr","p":{"a":0,"k":[46.256,138.096],"ix":2},"a":{"a":0,"k":[0,0],"ix":1},"s":{"a":0,"k":[100,100],"ix":3},"r":{"a":0,"k":0,"ix":6},"o":{"a":0,"k":100,"ix":7},"sk":{"a":0,"k":0,"ix":4},"sa":{"a":0,"k":0,"ix":5},"nm":"Transform"}],"nm":"Group 2","np":3,"cix":2,"bm":0,"ix":2,"mn":"ADBE Vector Group","hd":false}],"ip":0,"op":295.000012015596,"st":0,"bm":0},{"ddd":0,"ind":3,"ty":4,"nm":"Layer 4/solar_energy_icon Outlines","sr":1,"ks":{"o":{"a":0,"k":100,"ix":11},"r":{"a":1,"k":[{"i":{"x":[0.833],"y":[0.833]},"o":{"x":[0.167],"y":[0.167]},"t":115,"s":[0]},{"t":216.00000879786,"s":[360]}],"ix":10},"p":{"a":0,"k":[644.5,357.5,0],"ix":2},"a":{"a":0,"k":[45.5,46.5,0],"ix":1},"s":{"a":0,"k":[356,356,100],"ix":6}},"ao":0,"shapes":[{"ty":"gr","it":[{"ind":0,"ty":"sh","ix":1,"ks":{"a":0,"k":{"i":[[0,0],[-1.391,-0.156],[-1.962,-0.431],[0,0],[3.088,-2.277],[0,0],[0.067,1.238],[0.212,1.634]],"o":[[0,0],[1.406,0.149],[3.76,0.862],[0,0],[-3.28,2.372],[0,0],[0.023,-1.249],[-0.715,-3.223]],"v":[[-7.641,-6.416],[-5.295,-6.237],[-0.014,-5.375],[7.641,-2.883],[1.601,2.43],[-4.983,6.416],[-5.095,4.352],[-5.65,-0.146]],"c":true},"ix":2},"nm":"Path 1","mn":"ADBE Vector Shape - Group","hd":false},{"ty":"fl","c":{"a":0,"k":[1,0.838999968884,0,1],"ix":4},"o":{"a":0,"k":100,"ix":5},"r":1,"bm":0,"nm":"Fill 1","mn":"ADBE Vector Graphic - Fill","hd":false},{"ty":"tr","p":{"a":0,"k":[82.559,39.714],"ix":2},"a":{"a":0,"k":[0,0],"ix":1},"s":{"a":0,"k":[100,100],"ix":3},"r":{"a":0,"k":0,"ix":6},"o":{"a":0,"k":100,"ix":7},"sk":{"a":0,"k":0,"ix":4},"sa":{"a":0,"k":0,"ix":5},"nm":"Transform"}],"nm":"Group 1","np":4,"cix":2,"bm":0,"ix":1,"mn":"ADBE Vector Group","hd":false},{"ty":"gr","it":[{"ind":0,"ty":"sh","ix":1,"ks":{"a":0,"k":{"i":[[0,0],[-1.351,0.492],[-1.882,0.395],[-1.519,0.157],[0,0],[0.533,-1.413],[0.942,-1.747],[0,0],[2.081,2.581],[0.542,0.555],[0.451,0.423]],"o":[[0,0],[1.354,-0.498],[1.898,-0.422],[1.49,-0.137],[0,0],[-0.504,1.397],[-1.774,3.484],[0,0],[-0.467,-0.683],[-0.531,-0.563],[-0.918,-0.831]],"v":[[-7.641,-3.483],[-5.44,-4.345],[-0.325,-5.844],[5.12,-6.754],[7.641,-6.928],[6.794,-4.522],[4.513,0.482],[0.313,6.928],[-3.133,1.322],[-4.676,-0.545],[-6.112,-2.097]],"c":true},"ix":2},"nm":"Path 1","mn":"ADBE Vector Shape - Group","hd":false},{"ty":"fl","c":{"a":0,"k":[1,0.838999968884,0,1],"ix":4},"o":{"a":0,"k":100,"ix":5},"r":1,"bm":0,"nm":"Fill 1","mn":"ADBE Vector Graphic - Fill","hd":false},{"ty":"tr","p":{"a":0,"k":[74.027,25.186],"ix":2},"a":{"a":0,"k":[0,0],"ix":1},"s":{"a":0,"k":[100,100],"ix":3},"r":{"a":0,"k":0,"ix":6},"o":{"a":0,"k":100,"ix":7},"sk":{"a":0,"k":0,"ix":4},"sa":{"a":0,"k":0,"ix":5},"nm":"Transform"}],"nm":"Group 2","np":4,"cix":2,"bm":0,"ix":2,"mn":"ADBE Vector Group","hd":false},{"ty":"gr","it":[{"ind":0,"ty":"sh","ix":1,"ks":{"a":0,"k":{"i":[[-0.012,0.039],[-1.01,1.056],[-1.552,1.246],[-1.292,0.774],[0,0],[-0.125,-1.513],[0.07,-1.942],[0.224,-1.394],[0,0],[0.991,0.742],[0.649,0.419],[0.763,0.317],[0.709,0.306],[0.581,0.211]],"o":[[0,0],[0.996,-1.022],[1.558,-1.277],[1.296,-0.789],[0,0],[0.11,1.548],[-0.038,1.91],[-0.235,1.413],[0,0],[-0.472,-0.406],[-0.662,-0.398],[-0.747,-0.346],[-0.725,-0.263],[-1.142,-0.481]],"v":[[-6.363,1.918],[-4.745,0.142],[-0.799,-3.393],[3.7,-6.543],[5.917,-7.827],[6.205,-5.31],[6.305,0.203],[5.757,5.514],[5.315,7.827],[3.662,6.591],[1.883,5.454],[-0.227,4.272],[-2.412,3.233],[-4.396,2.513]],"c":true},"ix":2},"nm":"Path 1","mn":"ADBE Vector Shape - Group","hd":false},{"ty":"fl","c":{"a":0,"k":[1,0.838999968884,0,1],"ix":4},"o":{"a":0,"k":100,"ix":5},"r":1,"bm":0,"nm":"Fill 1","mn":"ADBE Vector Graphic - Fill","hd":false},{"ty":"tr","p":{"a":0,"k":[60.063,13.026],"ix":2},"a":{"a":0,"k":[0,0],"ix":1},"s":{"a":0,"k":[100,100],"ix":3},"r":{"a":0,"k":0,"ix":6},"o":{"a":0,"k":100,"ix":7},"sk":{"a":0,"k":0,"ix":4},"sa":{"a":0,"k":0,"ix":5},"nm":"Transform"}],"nm":"Group 3","np":4,"cix":2,"bm":0,"ix":3,"mn":"ADBE Vector Group","hd":false},{"ty":"gr","it":[{"ind":0,"ty":"sh","ix":1,"ks":{"a":0,"k":{"i":[[0,0],[-0.459,1.358],[-0.869,1.694],[-0.825,1.31],[-0.256,0.356],[0,0],[-0.771,-1.313],[-0.773,-1.883],[-0.406,-1.344],[0,0],[0.348,0.093],[0.609,0.099],[0.77,0.071],[0.825,0.041],[0.774,-0.009],[0.605,-0.138]],"o":[[0,0],[0.46,-1.329],[0.856,-1.742],[0.411,-0.668],[0.26,-0.359],[0,0],[0.77,1.343],[0.785,1.835],[0.41,1.339],[0,0],[-0.352,-0.081],[-0.613,-0.079],[-0.775,-0.038],[-0.826,-0.095],[-0.772,0.056],[-1.223,0.186]],"v":[[-6.555,6.914],[-5.854,4.666],[-3.833,-0.277],[-1.146,-5.081],[-0.119,-6.617],[0.289,-7.182],[1.639,-4.995],[4.131,-0.118],[5.955,4.875],[6.555,7.182],[6.008,7.036],[4.532,6.806],[2.442,6.504],[0.016,6.385],[-2.409,6.444],[-4.517,6.604]],"c":true},"ix":2},"nm":"Path 1","mn":"ADBE Vector Shape - Group","hd":false},{"ty":"fl","c":{"a":0,"k":[1,0.838999968884,0,1],"ix":4},"o":{"a":0,"k":100,"ix":5},"r":1,"bm":0,"nm":"Fill 1","mn":"ADBE Vector Graphic - Fill","hd":false},{"ty":"tr","p":{"a":0,"k":[45.87,7.432],"ix":2},"a":{"a":0,"k":[0,0],"ix":1},"s":{"a":0,"k":[100,100],"ix":3},"r":{"a":0,"k":0,"ix":6},"o":{"a":0,"k":100,"ix":7},"sk":{"a":0,"k":0,"ix":4},"sa":{"a":0,"k":0,"ix":5},"nm":"Transform"}],"nm":"Group 4","np":4,"cix":2,"bm":0,"ix":4,"mn":"ADBE Vector Group","hd":false},{"ty":"gr","it":[{"ind":0,"ty":"sh","ix":1,"ks":{"a":0,"k":{"i":[[0,0],[0.195,1.447],[0.011,1.993],[-0.201,1.491],[0,0],[-1.259,-0.836],[-1.477,-1.266],[-0.951,-1.055],[0,0],[1.196,-0.307],[0.732,-0.243],[0.726,-0.398]],"o":[[0,0],[-0.186,-1.43],[-0.027,-2.01],[0.189,-1.504],[0,0],[1.281,0.88],[1.472,1.221],[0.959,1.068],[0,0],[-0.609,0.119],[-0.725,0.264],[-3.044,1.297]],"v":[[-5.59,7.839],[-5.967,5.468],[-6.277,0.175],[-5.94,-5.306],[-5.564,-7.839],[-3.417,-6.501],[0.963,-3.142],[4.771,0.597],[6.304,2.389],[4.31,2.9],[2.317,3.588],[0.08,4.501]],"c":true},"ix":2},"nm":"Path 1","mn":"ADBE Vector Shape - Group","hd":false},{"ty":"fl","c":{"a":0,"k":[1,0.838999968884,0,1],"ix":4},"o":{"a":0,"k":100,"ix":5},"r":1,"bm":0,"nm":"Fill 1","mn":"ADBE Vector Graphic - Fill","hd":false},{"ty":"tr","p":{"a":0,"k":[31.722,12.225],"ix":2},"a":{"a":0,"k":[0,0],"ix":1},"s":{"a":0,"k":[100,100],"ix":3},"r":{"a":0,"k":0,"ix":6},"o":{"a":0,"k":100,"ix":7},"sk":{"a":0,"k":0,"ix":4},"sa":{"a":0,"k":0,"ix":5},"nm":"Transform"}],"nm":"Group 5","np":4,"cix":2,"bm":0,"ix":5,"mn":"ADBE Vector Group","hd":false},{"ty":"gr","it":[{"ind":0,"ty":"sh","ix":1,"ks":{"a":0,"k":{"i":[[0,0],[0.749,1.19],[0.887,1.804],[0.5,1.456],[0,0],[-3.749,-1.033],[-1.308,-0.525],[0,0],[0.289,-0.216],[0.456,-0.419],[1.117,-1.216]],"o":[[0,0],[-0.76,-1.194],[-0.822,-1.75],[-0.502,-1.455],[0,0],[1.929,0.537],[1.295,0.506],[0,0],[-0.266,0.244],[-0.968,0.782],[-2.087,2.568]],"v":[[-0.82,7.074],[-2.14,5.128],[-4.758,0.454],[-6.798,-4.614],[-7.576,-7.074],[0.35,-5.66],[5.405,-3.955],[7.576,-2.996],[7.121,-2.656],[6.019,-1.645],[2.854,1.605]],"c":true},"ix":2},"nm":"Path 1","mn":"ADBE Vector Shape - Group","hd":false},{"ty":"fl","c":{"a":0,"k":[1,0.838999968884,0,1],"ix":4},"o":{"a":0,"k":100,"ix":5},"r":1,"bm":0,"nm":"Fill 1","mn":"ADBE Vector Graphic - Fill","hd":false},{"ty":"tr","p":{"a":0,"k":[17.497,23.849],"ix":2},"a":{"a":0,"k":[0,0],"ix":1},"s":{"a":0,"k":[100,100],"ix":3},"r":{"a":0,"k":0,"ix":6},"o":{"a":0,"k":100,"ix":7},"sk":{"a":0,"k":0,"ix":4},"sa":{"a":0,"k":0,"ix":5},"nm":"Transform"}],"nm":"Group 6","np":4,"cix":2,"bm":0,"ix":6,"mn":"ADBE Vector Group","hd":false},{"ty":"gr","it":[{"ind":0,"ty":"sh","ix":1,"ks":{"a":0,"k":{"i":[[0,0],[1.238,0.75],[1.505,1.228],[1.034,1.083],[0,0],[-1.436,0.466],[-1.943,0.354],[0,0],[0.715,-3.228],[0.251,-1.21]],"o":[[0,0],[-1.271,-0.751],[-1.513,-1.218],[-1.038,-1.082],[0,0],[1.399,-0.478],[3.825,-0.783],[0,0],[-0.505,1.575],[-0.062,1.238]],"v":[[4.54,6.376],[2.476,5.191],[-1.879,2.132],[-5.987,-1.553],[-7.7,-3.419],[-5.293,-4.26],[0.044,-5.593],[7.7,-6.319],[5.468,-0.14],[4.644,4.312]],"c":true},"ix":2},"nm":"Path 1","mn":"ADBE Vector Shape - Group","hd":false},{"ty":"fl","c":{"a":0,"k":[1,0.838999968884,0,1],"ix":4},"o":{"a":0,"k":100,"ix":5},"r":1,"bm":0,"nm":"Fill 1","mn":"ADBE Vector Graphic - Fill","hd":false},{"ty":"tr","p":{"a":0,"k":[8.409,38.433],"ix":2},"a":{"a":0,"k":[0,0],"ix":1},"s":{"a":0,"k":[100,100],"ix":3},"r":{"a":0,"k":0,"ix":6},"o":{"a":0,"k":100,"ix":7},"sk":{"a":0,"k":0,"ix":4},"sa":{"a":0,"k":0,"ix":5},"nm":"Transform"}],"nm":"Group 7","np":4,"cix":2,"bm":0,"ix":7,"mn":"ADBE Vector Group","hd":false},{"ty":"gr","it":[{"ind":0,"ty":"sh","ix":1,"ks":{"a":0,"k":{"i":[[0,0],[1.392,0.157],[1.962,0.431],[0,0],[-3.088,2.277],[0,0],[-0.068,-1.238],[-0.212,-1.634]],"o":[[0,0],[-1.405,-0.148],[-3.76,-0.862],[0,0],[3.279,-2.372],[0,0],[-0.024,1.249],[0.715,3.223]],"v":[[7.641,6.415],[5.294,6.237],[0.014,5.375],[-7.641,2.883],[-1.6,-2.429],[4.983,-6.415],[5.096,-4.351],[5.65,0.147]],"c":true},"ix":2},"nm":"Path 1","mn":"ADBE Vector Shape - Group","hd":false},{"ty":"fl","c":{"a":0,"k":[1,0.838999968884,0,1],"ix":4},"o":{"a":0,"k":100,"ix":5},"r":1,"bm":0,"nm":"Fill 1","mn":"ADBE Vector Graphic - Fill","hd":false},{"ty":"tr","p":{"a":0,"k":[7.891,52.545],"ix":2},"a":{"a":0,"k":[0,0],"ix":1},"s":{"a":0,"k":[100,100],"ix":3},"r":{"a":0,"k":0,"ix":6},"o":{"a":0,"k":100,"ix":7},"sk":{"a":0,"k":0,"ix":4},"sa":{"a":0,"k":0,"ix":5},"nm":"Transform"}],"nm":"Group 8","np":4,"cix":2,"bm":0,"ix":8,"mn":"ADBE Vector Group","hd":false},{"ty":"gr","it":[{"ind":0,"ty":"sh","ix":1,"ks":{"a":0,"k":{"i":[[0,0],[1.351,-0.492],[1.882,-0.395],[1.519,-0.157],[0,0],[-0.533,1.414],[-0.941,1.747],[0,0],[-2.081,-2.581],[-0.542,-0.555],[-0.452,-0.424]],"o":[[0,0],[-1.354,0.498],[-1.898,0.423],[-1.49,0.137],[0,0],[0.504,-1.396],[1.774,-3.483],[0,0],[0.467,0.683],[0.531,0.563],[0.918,0.831]],"v":[[7.642,3.482],[5.439,4.344],[0.324,5.843],[-5.12,6.753],[-7.642,6.928],[-6.794,4.521],[-4.513,-0.483],[-0.314,-6.928],[3.132,-1.322],[4.676,0.544],[6.111,2.097]],"c":true},"ix":2},"nm":"Path 1","mn":"ADBE Vector Shape - Group","hd":false},{"ty":"fl","c":{"a":0,"k":[1,0.838999968884,0,1],"ix":4},"o":{"a":0,"k":100,"ix":5},"r":1,"bm":0,"nm":"Fill 1","mn":"ADBE Vector Graphic - Fill","hd":false},{"ty":"tr","p":{"a":0,"k":[16.423,67.074],"ix":2},"a":{"a":0,"k":[0,0],"ix":1},"s":{"a":0,"k":[100,100],"ix":3},"r":{"a":0,"k":0,"ix":6},"o":{"a":0,"k":100,"ix":7},"sk":{"a":0,"k":0,"ix":4},"sa":{"a":0,"k":0,"ix":5},"nm":"Transform"}],"nm":"Group 9","np":4,"cix":2,"bm":0,"ix":9,"mn":"ADBE Vector Group","hd":false},{"ty":"gr","it":[{"ind":0,"ty":"sh","ix":1,"ks":{"a":0,"k":{"i":[[0.012,-0.04],[1.01,-1.057],[1.552,-1.246],[1.292,-0.775],[0,0],[0.125,1.513],[-0.07,1.943],[-0.224,1.393],[0,0],[-0.991,-0.742],[-0.649,-0.419],[-0.763,-0.318],[-0.709,-0.305],[-0.58,-0.211]],"o":[[0,0],[-0.996,1.022],[-1.558,1.276],[-1.296,0.789],[0,0],[-0.11,-1.548],[0.037,-1.909],[0.235,-1.413],[0,0],[0.472,0.406],[0.662,0.398],[0.747,0.346],[0.725,0.264],[1.142,0.481]],"v":[[6.364,-1.919],[4.745,-0.142],[0.799,3.393],[-3.7,6.543],[-5.917,7.827],[-6.205,5.31],[-6.305,-0.204],[-5.757,-5.514],[-5.315,-7.827],[-3.662,-6.591],[-1.883,-5.454],[0.227,-4.272],[2.412,-3.233],[4.396,-2.513]],"c":true},"ix":2},"nm":"Path 1","mn":"ADBE Vector Shape - Group","hd":false},{"ty":"fl","c":{"a":0,"k":[1,0.838999968884,0,1],"ix":4},"o":{"a":0,"k":100,"ix":5},"r":1,"bm":0,"nm":"Fill 1","mn":"ADBE Vector Graphic - Fill","hd":false},{"ty":"tr","p":{"a":0,"k":[30.387,79.233],"ix":2},"a":{"a":0,"k":[0,0],"ix":1},"s":{"a":0,"k":[100,100],"ix":3},"r":{"a":0,"k":0,"ix":6},"o":{"a":0,"k":100,"ix":7},"sk":{"a":0,"k":0,"ix":4},"sa":{"a":0,"k":0,"ix":5},"nm":"Transform"}],"nm":"Group 10","np":4,"cix":2,"bm":0,"ix":10,"mn":"ADBE Vector Group","hd":false},{"ty":"gr","it":[{"ind":0,"ty":"sh","ix":1,"ks":{"a":0,"k":{"i":[[0,0],[0.459,-1.358],[0.869,-1.694],[0.825,-1.31],[0.257,-0.356],[0,0],[0.771,1.313],[0.772,1.883],[0.406,1.344],[0,0],[-0.348,-0.093],[-0.61,-0.099],[-0.771,-0.071],[-0.825,-0.041],[-0.773,0.009],[-0.606,0.137]],"o":[[0,0],[-0.46,1.329],[-0.855,1.742],[-0.411,0.668],[-0.259,0.359],[0,0],[-0.77,-1.343],[-0.785,-1.835],[-0.41,-1.339],[0,0],[0.352,0.08],[0.613,0.079],[0.774,0.038],[0.826,0.095],[0.772,-0.056],[1.222,-0.186]],"v":[[6.555,-6.915],[5.853,-4.666],[3.832,0.277],[1.145,5.081],[0.117,6.617],[-0.29,7.182],[-1.64,4.995],[-4.131,0.118],[-5.956,-4.875],[-6.555,-7.182],[-6.009,-7.036],[-4.533,-6.806],[-2.442,-6.504],[-0.017,-6.385],[2.408,-6.444],[4.517,-6.604]],"c":true},"ix":2},"nm":"Path 1","mn":"ADBE Vector Shape - Group","hd":false},{"ty":"fl","c":{"a":0,"k":[1,0.838999968884,0,1],"ix":4},"o":{"a":0,"k":100,"ix":5},"r":1,"bm":0,"nm":"Fill 1","mn":"ADBE Vector Graphic - Fill","hd":false},{"ty":"tr","p":{"a":0,"k":[44.581,84.826],"ix":2},"a":{"a":0,"k":[0,0],"ix":1},"s":{"a":0,"k":[100,100],"ix":3},"r":{"a":0,"k":0,"ix":6},"o":{"a":0,"k":100,"ix":7},"sk":{"a":0,"k":0,"ix":4},"sa":{"a":0,"k":0,"ix":5},"nm":"Transform"}],"nm":"Group 11","np":4,"cix":2,"bm":0,"ix":11,"mn":"ADBE Vector Group","hd":false},{"ty":"gr","it":[{"ind":0,"ty":"sh","ix":1,"ks":{"a":0,"k":{"i":[[0,0],[-0.194,-1.447],[-0.011,-1.994],[0.2,-1.491],[0,0],[1.259,0.836],[1.477,1.266],[0.951,1.055],[0,0],[-1.196,0.307],[-0.732,0.243],[-0.725,0.398]],"o":[[0,0],[0.187,1.429],[0.027,2.01],[-0.19,1.504],[0,0],[-1.281,-0.88],[-1.472,-1.221],[-0.959,-1.068],[0,0],[0.609,-0.119],[0.725,-0.264],[3.043,-1.297]],"v":[[5.59,-7.839],[5.966,-5.468],[6.277,-0.175],[5.941,5.306],[5.564,7.839],[3.417,6.501],[-0.963,3.142],[-4.771,-0.597],[-6.304,-2.389],[-4.31,-2.9],[-2.317,-3.588],[-0.08,-4.501]],"c":true},"ix":2},"nm":"Path 1","mn":"ADBE Vector Shape - Group","hd":false},{"ty":"fl","c":{"a":0,"k":[1,0.838999968884,0,1],"ix":4},"o":{"a":0,"k":100,"ix":5},"r":1,"bm":0,"nm":"Fill 1","mn":"ADBE Vector Graphic - Fill","hd":false},{"ty":"tr","p":{"a":0,"k":[58.728,80.034],"ix":2},"a":{"a":0,"k":[0,0],"ix":1},"s":{"a":0,"k":[100,100],"ix":3},"r":{"a":0,"k":0,"ix":6},"o":{"a":0,"k":100,"ix":7},"sk":{"a":0,"k":0,"ix":4},"sa":{"a":0,"k":0,"ix":5},"nm":"Transform"}],"nm":"Group 12","np":4,"cix":2,"bm":0,"ix":12,"mn":"ADBE Vector Group","hd":false},{"ty":"gr","it":[{"ind":0,"ty":"sh","ix":1,"ks":{"a":0,"k":{"i":[[0,0],[-0.748,-1.19],[-0.887,-1.803],[-0.5,-1.456],[0,0],[3.749,1.033],[1.308,0.524],[0,0],[-0.289,0.216],[-0.456,0.419],[-1.117,1.216]],"o":[[0,0],[0.76,1.194],[0.822,1.751],[0.502,1.455],[0,0],[-1.929,-0.538],[-1.295,-0.506],[0,0],[0.266,-0.245],[0.968,-0.782],[2.087,-2.568]],"v":[[0.821,-7.075],[2.14,-5.128],[4.758,-0.456],[6.798,4.615],[7.576,7.075],[-0.35,5.661],[-5.405,3.956],[-7.576,2.997],[-7.121,2.656],[-6.019,1.645],[-2.854,-1.605]],"c":true},"ix":2},"nm":"Path 1","mn":"ADBE Vector Shape - Group","hd":false},{"ty":"fl","c":{"a":0,"k":[1,0.838999968884,0,1],"ix":4},"o":{"a":0,"k":100,"ix":5},"r":1,"bm":0,"nm":"Fill 1","mn":"ADBE Vector Graphic - Fill","hd":false},{"ty":"tr","p":{"a":0,"k":[72.954,68.41],"ix":2},"a":{"a":0,"k":[0,0],"ix":1},"s":{"a":0,"k":[100,100],"ix":3},"r":{"a":0,"k":0,"ix":6},"o":{"a":0,"k":100,"ix":7},"sk":{"a":0,"k":0,"ix":4},"sa":{"a":0,"k":0,"ix":5},"nm":"Transform"}],"nm":"Group 13","np":4,"cix":2,"bm":0,"ix":13,"mn":"ADBE Vector Group","hd":false},{"ty":"gr","it":[{"ind":0,"ty":"sh","ix":1,"ks":{"a":0,"k":{"i":[[0,0],[-1.237,-0.75],[-1.505,-1.227],[-1.034,-1.083],[0,0],[1.436,-0.466],[1.943,-0.354],[0,0],[-0.715,3.228],[-0.251,1.209]],"o":[[0,0],[1.272,0.75],[1.513,1.218],[1.038,1.081],[0,0],[-1.399,0.478],[-3.825,0.783],[0,0],[0.505,-1.575],[0.062,-1.238]],"v":[[-4.54,-6.376],[-2.477,-5.191],[1.879,-2.133],[5.987,1.553],[7.7,3.419],[5.293,4.26],[-0.044,5.593],[-7.7,6.319],[-5.468,0.14],[-4.644,-4.312]],"c":true},"ix":2},"nm":"Path 1","mn":"ADBE Vector Shape - Group","hd":false},{"ty":"fl","c":{"a":0,"k":[1,0.838999968884,0,1],"ix":4},"o":{"a":0,"k":100,"ix":5},"r":1,"bm":0,"nm":"Fill 1","mn":"ADBE Vector Graphic - Fill","hd":false},{"ty":"tr","p":{"a":0,"k":[82.041,53.826],"ix":2},"a":{"a":0,"k":[0,0],"ix":1},"s":{"a":0,"k":[100,100],"ix":3},"r":{"a":0,"k":0,"ix":6},"o":{"a":0,"k":100,"ix":7},"sk":{"a":0,"k":0,"ix":4},"sa":{"a":0,"k":0,"ix":5},"nm":"Transform"}],"nm":"Group 14","np":4,"cix":2,"bm":0,"ix":14,"mn":"ADBE Vector Group","hd":false},{"ty":"gr","it":[{"ind":0,"ty":"sh","ix":1,"ks":{"a":0,"k":{"i":[[0,-15.464],[15.464,0],[0,15.464],[-15.465,0]],"o":[[0,15.464],[-15.465,0],[0,-15.464],[15.464,0]],"v":[[28.001,0],[0.001,28.001],[-28.001,0],[0.001,-28.001]],"c":true},"ix":2},"nm":"Path 1","mn":"ADBE Vector Shape - Group","hd":false},{"ty":"fl","c":{"a":0,"k":[1,0.838999968884,0,1],"ix":4},"o":{"a":0,"k":100,"ix":5},"r":1,"bm":0,"nm":"Fill 1","mn":"ADBE Vector Graphic - Fill","hd":false},{"ty":"tr","p":{"a":0,"k":[45.225,46.129],"ix":2},"a":{"a":0,"k":[0,0],"ix":1},"s":{"a":0,"k":[100,100],"ix":3},"r":{"a":0,"k":0,"ix":6},"o":{"a":0,"k":100,"ix":7},"sk":{"a":0,"k":0,"ix":4},"sa":{"a":0,"k":0,"ix":5},"nm":"Transform"}],"nm":"Group 16","np":4,"cix":2,"bm":0,"ix":15,"mn":"ADBE Vector Group","hd":false}],"ip":0,"op":295.000012015596,"st":0,"bm":0},{"ddd":0,"ind":4,"ty":4,"nm":"Layer 1/snowflake Outlines","sr":1,"ks":{"o":{"a":0,"k":100,"ix":11},"r":{"a":1,"k":[{"i":{"x":[0.833],"y":[0.833]},"o":{"x":[0.167],"y":[0.167]},"t":1,"s":[0]},{"i":{"x":[0.833],"y":[0.833]},"o":{"x":[0.167],"y":[0.167]},"t":105,"s":[360]},{"i":{"x":[0.833],"y":[0.833]},"o":{"x":[0.167],"y":[0.167]},"t":222,"s":[360]},{"t":293.000011934135,"s":[0]}],"ix":10},"p":{"a":0,"k":[620.5,1037.5,0],"ix":2},"a":{"a":0,"k":[420.5,464,0],"ix":1},"s":{"a":0,"k":[34,34,100],"ix":6}},"ao":0,"shapes":[{"ty":"gr","it":[{"ind":0,"ty":"sh","ix":1,"ks":{"a":0,"k":{"i":[[0,0],[0,0],[-0.347,0.227],[0,0],[0,0],[0,0],[0,0]],"o":[[0,0],[-0.024,-0.414],[0,0],[0,0],[0,0],[0,0],[0,0]],"v":[[-28.236,9.737],[-30.219,-25.635],[-29.694,-26.674],[-0.053,-46.082],[32.169,-29.816],[34.199,6.231],[3.997,26.007]],"c":true},"ix":2},"nm":"Path 1","mn":"ADBE Vector Shape - Group","hd":false},{"ind":1,"ty":"sh","ix":2,"ks":{"a":0,"k":{"i":[[5.2,7.059],[0,0],[0,0],[9.387,-3.775],[0,0],[0,0],[0,0],[2.381,11.068],[11.06,-2.38],[0,0],[0,0],[-0.065,1.237],[0,0],[-0.298,0],[-0.474,12.393],[12.693,0.486],[0,0],[0,0],[0,0],[0,0],[-1.428,0],[-2.068,9.615],[11.069,2.382],[0,0],[0,0],[0,0],[-2.785,0],[-4.159,5.646],[0,0],[4.188,8.151],[8.651,0],[0.1,-0.001],[0,0],[2.398,-9.827],[0,0],[0,0],[0,0],[10.385,4.509],[4.51,-10.384],[0,0],[0,0],[1.252,0.644],[0,0],[10.911,6.504],[6.503,-10.912],[0,0],[0,0],[0,0],[0,0],[8.757,7.176],[7.178,-8.758],[0,0],[0,0],[0,0],[4.425,8.903],[0,0],[9.163,0],[3.903,-7.852],[0,0],[0,0],[-7.645,-6.624],[0,0],[0,0],[0,0],[8.756,-7.176],[-7.177,-8.756],[0,0],[0,0],[0,0],[0,0],[10.91,-6.503],[-6.503,-10.911],[0,0],[0,0],[0.031,-0.021],[0,0],[0,0],[10.383,-4.511],[-4.51,-10.385],[0,0],[0,0],[0,0],[9.939,0.132],[0,0],[4.188,-8.151],[-5.201,-7.059],[0,0],[-6.665,0],[-2.764,1.111],[0,0],[0,0],[0,0],[-2.381,-11.068],[-9.453,0],[-1.452,0.313],[0,0],[0,0],[0,0],[0,0],[0.486,-12.694],[-12.693,-0.485],[0,0],[0,0],[0,0],[2.381,-11.069],[-11.068,-2.381],[0,0],[0,0],[0,0],[5.896,-8.007],[0,0],[0,0],[-4.188,-8.151],[-8.648,0],[-0.101,0.001],[0,0],[-2.398,9.829],[0,0],[0,0],[0,0],[-10.385,-4.509],[-2.726,0.001],[-3.355,7.726],[0,0],[0,0],[-0.915,0.657],[0,0],[-10.912,-6.503],[-4.005,0],[-4.304,7.221],[0,0],[0,0],[0,0],[-8.757,-7.177],[-7.175,8.756],[0,0],[0,0],[0,0],[-4.425,-8.902],[0,0],[-9.163,0],[-3.903,7.852],[0,0],[7.646,6.624],[0,0],[0,0],[0,0],[-5.932,0],[-3.812,3.124],[7.177,8.756],[0,0],[0,0],[0,0],[-0.34,0.162],[0,0],[-7.837,0],[-3.691,2.2],[6.504,10.911],[0,0],[0,0],[-2.568,-1.32],[0,0],[0,0],[-7.919,0.001],[-2.659,1.154],[4.51,10.386],[0,0],[0,0],[0,0],[-9.943,-0.134],[0,0],[-0.1,0],[-4.138,8.056]],"o":[[0,0],[0,0],[-5.896,-8.006],[0,0],[0,0],[0,0],[11.068,-2.38],[-2.382,-11.069],[0,0],[0,0],[0.194,-1.213],[0,0],[0.3,0.011],[12.296,0],[0.485,-12.694],[0,0],[0,0],[0,0],[0,0],[1.454,0.313],[9.453,0],[2.381,-11.069],[0,0],[0,0],[0,0],[2.766,1.111],[6.664,0],[0,0],[5.2,-7.059],[-4.14,-8.057],[-0.1,0],[0,0],[-9.941,0.132],[0,0],[0,0],[0,0],[4.509,-10.385],[-10.388,-4.508],[0,0],[0,0],[-1.16,-0.768],[0,0],[6.504,-10.911],[-10.912,-6.502],[0,0],[0,0],[0,0],[0,0],[7.176,-8.756],[-8.756,-7.176],[0,0],[0,0],[0,0],[7.643,-6.624],[0,0],[-3.902,-7.852],[-9.164,0],[0,0],[0,0],[-4.425,8.903],[0,0],[0,0],[0,0],[-7.176,-8.758],[-8.757,7.176],[0,0],[0,0],[0,0],[0,0],[-6.504,-10.912],[-10.912,6.504],[0,0],[0,0],[-0.031,0.021],[0,0],[0,0],[-4.51,-10.385],[-10.386,4.509],[0,0],[0,0],[0,0],[-2.398,-9.826],[0,0],[-8.746,-0.076],[-4.187,8.15],[0,0],[4.16,5.647],[2.784,-0.001],[0,0],[0,0],[0,0],[-11.068,2.381],[2.068,9.616],[1.428,0],[0,0],[0,0],[0,0],[0,0],[-12.714,-0.508],[-0.485,12.693],[0,0],[0,0],[0,0],[-11.069,-2.379],[-2.381,11.068],[0,0],[0,0],[0,0],[-9.385,-3.774],[0,0],[0,0],[-5.2,7.061],[4.14,8.056],[0.101,0],[0,0],[9.943,-0.131],[0,0],[0,0],[0,0],[-4.509,10.386],[2.66,1.155],[7.917,0],[0,0],[0,0],[1.032,-0.529],[0,0],[-6.503,10.913],[3.691,2.2],[7.837,0],[0,0],[0,0],[0,0],[-7.176,8.756],[8.758,7.175],[0,0],[0,0],[0,0],[-7.644,6.624],[0,0],[3.902,7.852],[9.163,0],[0,0],[4.426,-8.903],[0,0],[0,0],[0,0],[4.053,4.945],[4.571,0],[8.757,-7.176],[0,0],[0,0],[0,0],[0.345,-0.151],[0,0],[4.304,7.221],[4.006,0],[10.911,-6.503],[0,0],[0,0],[1.821,2.027],[0,0],[0,0],[3.355,7.726],[2.724,0],[10.385,-4.509],[0,0],[0,0],[0,0],[2.397,9.827],[0,0],[0.101,0.001],[8.65,-0.001],[4.188,-8.151]],"v":[[414.296,191.194],[414.297,191.195],[357.038,113.459],[331.489,106.382],[287.568,124.037],[216.339,87.438],[238.172,82.741],[253.901,58.389],[229.55,42.657],[158.803,57.875],[92.738,23.931],[93.122,20.254],[168.771,23.147],[169.667,23.164],[192.635,1.044],[170.53,-22.819],[90.747,-25.869],[90.401,-32.027],[154.979,-65.208],[225.724,-49.99],[230.056,-49.528],[250.078,-65.72],[234.347,-90.074],[212.514,-94.77],[283.745,-131.37],[327.663,-113.713],[336.054,-112.065],[353.213,-120.79],[410.472,-198.527],[412.113,-223.186],[391.411,-236.212],[391.109,-236.21],[294.569,-234.923],[273.941,-218.272],[262.722,-172.285],[191.49,-135.686],[200.385,-156.171],[189.746,-183.14],[162.777,-172.501],[133.955,-106.124],[72.366,-74.479],[68.753,-76.604],[106.95,-140.698],[98.969,-172.23],[67.437,-164.247],[27.592,-97.392],[21.104,-100.666],[21.104,-162.765],[66.973,-218.737],[64.111,-247.586],[35.26,-244.724],[21.104,-227.45],[21.104,-307.534],[56.882,-338.53],[62.264,-364.488],[19.288,-450.944],[-1.895,-463.674],[-23.079,-450.944],[-23.079,-450.945],[-66.053,-364.488],[-60.672,-338.53],[-24.895,-307.534],[-24.895,-227.45],[-39.051,-244.724],[-67.9,-247.586],[-70.762,-218.737],[-24.895,-162.766],[-24.895,-99.455],[-29.271,-96.59],[-70.189,-165.247],[-101.722,-173.23],[-109.704,-141.698],[-67.788,-71.368],[-70.214,-69.781],[-70.306,-69.716],[-133.623,-102.249],[-162.444,-168.627],[-189.412,-179.266],[-200.051,-152.297],[-191.157,-131.811],[-262.388,-168.411],[-273.609,-214.4],[-294.237,-231.049],[-390.776,-232.336],[-411.781,-219.311],[-410.138,-194.653],[-352.88,-116.916],[-335.722,-108.191],[-327.331,-109.84],[-283.411,-127.496],[-212.18,-90.897],[-234.015,-86.201],[-249.744,-61.848],[-229.723,-45.655],[-225.393,-46.117],[-154.645,-61.334],[-88.673,-27.436],[-88.425,-23.018],[-174.538,-26.311],[-198.402,-4.206],[-176.296,19.655],[-89.938,22.957],[-158.801,58.341],[-229.549,43.122],[-253.9,58.854],[-238.171,83.206],[-216.335,87.904],[-287.566,124.502],[-331.487,106.845],[-357.036,113.923],[-414.295,191.659],[-414.295,191.658],[-415.937,216.319],[-395.237,229.344],[-394.932,229.341],[-298.396,228.055],[-277.763,211.404],[-266.544,165.417],[-195.313,128.818],[-204.209,149.303],[-193.57,176.272],[-185.415,177.972],[-166.6,165.633],[-137.779,99.255],[-68.176,63.491],[-65.257,61.706],[-111.738,139.697],[-103.756,171.23],[-92.003,174.477],[-72.223,163.247],[-25.928,85.572],[-25.928,162.766],[-71.797,218.737],[-68.935,247.586],[-40.086,244.725],[-25.928,227.45],[-25.928,307.534],[-61.706,338.529],[-67.087,364.487],[-24.111,450.945],[-2.928,463.674],[18.255,450.945],[61.23,364.487],[55.846,338.529],[20.07,307.534],[20.07,227.449],[34.228,244.725],[50.095,252.232],[63.077,247.586],[65.938,218.737],[20.07,162.767],[20.07,84.512],[20.07,84.499],[21.1,84.033],[67.437,161.784],[87.215,173.013],[98.969,169.766],[106.95,138.235],[59.794,59.11],[61.577,57.943],[68.176,63.029],[137.781,98.793],[166.601,165.168],[185.417,177.508],[193.571,175.807],[204.209,148.838],[195.316,128.355],[266.546,164.953],[277.765,210.939],[298.395,227.591],[394.934,228.878],[395.234,228.88],[415.937,215.852]],"c":true},"ix":2},"nm":"Path 2","mn":"ADBE Vector Shape - Group","hd":false},{"ty":"mm","mm":1,"nm":"Merge Paths 1","mn":"ADBE Vector Filter - Merge","hd":false},{"ty":"fl","c":{"a":0,"k":[0.586032463523,0.839200128294,0.803549373851,1],"ix":4},"o":{"a":0,"k":100,"ix":5},"r":1,"bm":0,"nm":"Fill 1","mn":"ADBE Vector Graphic - Fill","hd":false},{"ty":"tr","p":{"a":0,"k":[420.374,463.924],"ix":2},"a":{"a":0,"k":[0,0],"ix":1},"s":{"a":0,"k":[100,100],"ix":3},"r":{"a":0,"k":0,"ix":6},"o":{"a":0,"k":100,"ix":7},"sk":{"a":0,"k":0,"ix":4},"sa":{"a":0,"k":0,"ix":5},"nm":"Transform"}],"nm":"Group 1","np":4,"cix":2,"bm":0,"ix":1,"mn":"ADBE Vector Group","hd":false}],"ip":0,"op":295.000012015596,"st":0,"bm":0},{"ddd":0,"ind":5,"ty":1,"nm":"White Solid 1","sr":1,"ks":{"o":{"a":0,"k":100,"ix":11},"r":{"a":0,"k":0,"ix":10},"p":{"a":0,"k":[880.5,713.5,0],"ix":2},"a":{"a":0,"k":[876.5,713.5,0],"ix":1},"s":{"a":0,"k":[100,100,100],"ix":6}},"ao":0,"sw":1753,"sh":1427,"sc":"#ffffff","ip":0,"op":295.000012015596,"st":0,"bm":0}],"markers":[]}